Algorithm,Frames,Total_Refs,Overall_Hits,Overall_Faults,Overall_Hit_Ratio,Overall_Fault_Ratio,P1_Hits,P1_Faults,P1_Hit_Ratio,P2_Hits,P2_Faults,P2_Hit_Ratio,Hit_Ratio_Drop,Hit_Ratio_Drop_Pct
FIFO,3,1000,295,705,0.295,0.705,217,283,0.434,78,422,0.156,0.278,64.06
LRU,3,1000,307,693,0.307,0.693,232,268,0.464,75,425,0.15,0.314,67.67
Optimal,3,1000,509,491,0.509,0.491,336,164,0.672,173,327,0.346,0.326,48.51
Learned,3,1000,338,662,0.338,0.662,257,243,0.514,81,419,0.162,0.352,68.48
FIFO,4,1000,418,582,0.418,0.582,318,182,0.636,100,400,0.2,0.436,68.55
LRU,4,1000,437,563,0.437,0.563,337,163,0.674,100,400,0.2,0.474,70.33
Optimal,4,1000,626,374,0.626,0.374,408,92,0.816,218,282,0.436,0.38,46.57
Learned,4,1000,430,570,0.43,0.57,330,170,0.66,100,400,0.2,0.46,69.7
FIFO,5,1000,500,500,0.5,0.5,366,134,0.732,134,366,0.268,0.464,63.39
LRU,5,1000,545,455,0.545,0.455,410,90,0.82,135,365,0.27,0.55,67.07
Optimal,5,1000,710,290,0.71,0.29,456,44,0.912,254,246,0.508,0.404,44.3
Learned,5,1000,540,460,0.54,0.46,409,91,0.818,131,369,0.262,0.556,67.97
